method,n,size,repeats,adjusted,mmae,std,prec,rec,f1,acc
pearson,66,100,10,adjusted,3.270826339273806,0.22264345839444444,0.7045454545454546,0.24313725490196078,0.36151603498542273,0.781
cosine,11,100,10,adjusted,3.2207487497800726,0.19743128545164976,0.686046511627907,0.2489451476793249,0.36532507739938086,0.795
cosine,59,100,10,adjusted,3.31071097833413,0.27077200692659087,0.8082191780821918,0.22957198443579765,0.35757575757575755,0.788
cosine,44,100,10,adjusted,3.2395009460989095,0.2761723486179568,0.7976190476190477,0.2427536231884058,0.37222222222222223,0.774
pearson,33,100,10,adjusted,3.131370687195173,0.22084494126041626,0.7901234567901234,0.256,0.3867069486404834,0.797
pearson,84,100,10,adjusted,3.141262061891515,0.2761814869699973,0.7289719626168224,0.3132530120481928,0.43820224719101125,0.8
pearson,99,100,10,adjusted,3.086996585715595,0.15299013808379122,0.7431192660550459,0.3306122448979592,0.45762711864406785,0.808
cosine,1,100,10,adjusted,4.326410914939881,0.2446225743407897,0.5093457943925234,0.4144486692015209,0.4570230607966457,0.741
pearson,29,100,10,adjusted,3.32699323288362,0.22835295642438475,0.6966292134831461,0.24899598393574296,0.3668639053254438,0.786
cosine,85,100,10,nonadjusted,3.43335628120213,0.19073333625926558,0.5304347826086957,0.49795918367346936,0.5136842105263159,0.769
pearson,83,100,10,nonadjusted,3.590685373361071,0.2081391558633504,0.5555555555555556,0.12295081967213115,0.20134228187919465,0.762
pearson,34,100,10,adjusted,3.2513292785343637,0.24691490276184483,0.8148148148148148,0.3176895306859206,0.4571428571428572,0.791
cosine,75,100,10,nonadjusted,3.2646193647853914,0.24774361480159401,0.5540540540540541,0.5040983606557377,0.5278969957081545,0.78
cosine,43,100,10,adjusted,3.211049759900296,0.2063616043571366,0.7671232876712328,0.20216606498194944,0.32,0.762
pearson,73,100,10,nonadjusted,3.7176500668961032,0.3172881638203923,0.6724137931034483,0.14444444444444443,0.23780487804878045,0.75
pearson,16,100,10,nonadjusted,3.680849712633409,0.33260841237495326,0.4954128440366973,0.2109375,0.2958904109589041,0.743
cosine,10,100,10,nonadjusted,3.4709224395470266,0.21626637658742093,0.5615384615384615,0.5328467153284672,0.5468164794007492,0.758
pearson,95,100,10,nonadjusted,3.7671473438361867,0.2082915657727951,0.6323529411764706,0.14576271186440679,0.2369146005509642,0.723
cosine,93,100,10,nonadjusted,3.485927484291241,0.1796435526788104,0.6046511627906976,0.5342465753424658,0.5672727272727272,0.762
cosine,16,100,10,adjusted,3.194263126809168,0.13714551840425013,0.76,0.2556053811659193,0.3825503355704698,0.816
pearson,61,100,10,adjusted,3.0244343219890797,0.18989862897396173,0.75,0.3605150214592275,0.4869565217391305,0.823
pearson,65,100,10,nonadjusted,3.5949712288405067,0.21864235982285893,0.56,0.15498154981549817,0.24277456647398846,0.738
cosine,63,100,10,nonadjusted,3.3658578366943566,0.25868564836209007,0.5571428571428572,0.46613545816733065,0.5075921908893709,0.773
pearson,83,100,10,adjusted,3.304663901859235,0.21224706703758653,0.75,0.277992277992278,0.4056338028169015,0.789
cosine,59,100,10,nonadjusted,3.325394902898111,0.24873339543024556,0.6060606060606061,0.5343511450381679,0.5679513184584178,0.787
cosine,6,100,10,adjusted,3.3477551166832216,0.2532509248233308,0.6440677966101694,0.3089430894308943,0.4175824175824176,0.788
pearson,49,100,10,nonadjusted,3.685047832630238,0.21352483830394983,0.5571428571428572,0.15354330708661418,0.24074074074074076,0.754
cosine,37,100,10,nonadjusted,3.347088611403172,0.2418639841050421,0.5465587044534413,0.4891304347826087,0.5162523900573613,0.747
pearson,31,100,10,nonadjusted,3.6053450114066967,0.28207331063259083,0.6794871794871795,0.20784313725490197,0.31831831831831836,0.773
cosine,44,100,10,nonadjusted,3.2702252064215784,0.31439279572333123,0.5165289256198347,0.5230125523012552,0.5197505197505197,0.769
pearson,42,100,10,nonadjusted,3.6712953253010383,0.3387421494529122,0.5652173913043478,0.14942528735632185,0.23636363636363636,0.748
pearson,27,100,10,nonadjusted,3.6627591084084274,0.2129208879094385,0.5454545454545454,0.1875,0.27906976744186046,0.752
cosine,21,100,10,nonadjusted,3.302430398753523,0.28820252664666957,0.5965665236051502,0.5205992509363296,0.556,0.778
pearson,97,100,10,adjusted,3.1510229224824884,0.20506755758185333,0.8571428571428571,0.2926829268292683,0.4363636363636364,0.814
cosine,1,100,10,nonadjusted,4.211930000000001,0.3035746730213178,0.46839080459770116,0.5863309352517986,0.5207667731629394,0.7
pearson,54,100,10,nonadjusted,3.713284897771988,0.24389891282486703,0.5411764705882353,0.1803921568627451,0.27058823529411763,0.752
cosine,52,100,10,nonadjusted,3.296651508659653,0.21001269414212487,0.5854700854700855,0.4756944444444444,0.5249042145593871,0.752
cosine,98,100,10,nonadjusted,3.4083235884038126,0.250275741826633,0.5887850467289719,0.4684014869888476,0.5217391304347826,0.769
pearson,68,100,10,adjusted,3.291415277800445,0.25749923278261766,0.7927927927927928,0.3188405797101449,0.4547803617571059,0.789
cosine,68,100,10,nonadjusted,3.5061228525597246,0.3932267881876734,0.5294117647058824,0.45652173913043476,0.49027237354085607,0.738
pearson,75,100,10,adjusted,3.0702141275828905,0.23030567538941646,0.7657657657657657,0.31716417910447764,0.44854881266490765,0.791
pearson,88,100,10,nonadjusted,3.6561029531919558,0.27000578449861745,0.6458333333333334,0.11397058823529412,0.19374999999999998,0.742
pearson,20,100,10,adjusted,3.3393609212072617,0.25477365124406315,0.6666666666666666,0.29411764705882354,0.40816326530612246,0.768
cosine,57,100,10,adjusted,3.3047488433053234,0.2092987001893741,0.8157894736842105,0.2246376811594203,0.3522727272727273,0.772
pearson,78,100,10,nonadjusted,3.56168014157898,0.2103250769522689,0.625,0.15625,0.25,0.76
pearson,90,100,10,adjusted,3.1471852926706374,0.24033446258860397,0.8240740740740741,0.31010452961672474,0.4506329113924051,0.783
cosine,8,100,10,adjusted,3.2078802744306367,0.21446103619794812,0.7,0.2723735408560311,0.39215686274509803,0.783
pearson,4,100,10,nonadjusted,4.090315337660611,0.2411531411121523,0.5,0.30120481927710846,0.3759398496240602,0.751
cosine,50,100,10,adjusted,3.3185302761979516,0.25489763077156097,0.7906976744186046,0.27309236947791166,0.40597014925373137,0.801
pearson,27,100,10,adjusted,3.305694879834463,0.2730703913216207,0.7604166666666666,0.28076923076923077,0.4101123595505618,0.79
cosine,18,100,10,adjusted,3.1287020716147955,0.2868109610940599,0.7843137254901961,0.31007751937984496,0.4444444444444444,0.8
pearson,72,100,10,adjusted,3.227845615927284,0.1868314775456376,0.6792452830188679,0.2706766917293233,0.3870967741935484,0.772
cosine,55,100,10,nonadjusted,3.5293096857091877,0.33508299609769077,0.5973451327433629,0.5056179775280899,0.5476673427991886,0.777
cosine,78,100,10,adjusted,3.1305274402551673,0.2614306855338063,0.8045977011494253,0.2723735408560311,0.40697674418604646,0.796
pearson,53,100,10,nonadjusted,3.8311229628138976,0.2797930085782077,0.5797101449275363,0.15873015873015872,0.24922118380062303,0.759
cosine,6,100,10,nonadjusted,3.6547571284512834,0.27079239460761184,0.5096525096525096,0.4835164835164835,0.4962406015037594,0.732
cosine,26,100,10,nonadjusted,3.4305734168448545,0.281255363916636,0.51171875,0.5368852459016393,0.524,0.762
cosine,65,100,10,adjusted,3.2941062464732767,0.2292056701662882,0.7837837837837838,0.22745098039215686,0.35258358662613976,0.787
pearson,20,100,10,nonadjusted,3.7239846232164133,0.33845944816397633,0.6060606060606061,0.21818181818181817,0.32085561497326204,0.746
pearson,12,100,10,adjusted,3.322679656830487,0.3030887830541702,0.6796875,0.32222222222222224,0.43718592964824127,0.776
pearson,45,100,10,nonadjusted,3.7264682762751193,0.27903964275397986,0.5423728813559322,0.12167300380228137,0.19875776397515527,0.742
cosine,43,100,10,nonadjusted,3.4519619252991776,0.2240186087090042,0.5973451327433629,0.47703180212014135,0.5304518664047152,0.761
pearson,36,100,10,nonadjusted,3.6304880833057984,0.32241361268229085,0.5698924731182796,0.20703125,0.3037249283667622,0.757
pearson,47,100,10,adjusted,3.093443400462261,0.1435843778042289,0.7787610619469026,0.32592592592592595,0.4595300261096607,0.793
cosine,30,100,10,nonadjusted,3.123951068679351,0.06645291308358475,0.569672131147541,0.5205992509363296,0.5440313111545988,0.767
cosine,30,100,10,adjusted,3.1539867591777186,0.1824584366097648,0.7362637362637363,0.2637795275590551,0.3884057971014493,0.789
cosine,79,100,10,nonadjusted,3.4177680349321653,0.307938329594532,0.5665236051502146,0.48,0.5196850393700788,0.756
cosine,89,100,10,nonadjusted,3.354678977926793,0.21372170042435482,0.5545851528384279,0.4568345323741007,0.5009861932938856,0.747
cosine,87,100,10,adjusted,3.243366401269617,0.33616535565468186,0.7948717948717948,0.2339622641509434,0.36151603498542273,0.781
pearson,69,100,10,nonadjusted,3.5861635210569167,0.22618101045258296,0.5671641791044776,0.15510204081632653,0.24358974358974358,0.764
pearson,99,100,10,nonadjusted,3.693288997815779,0.1802431599312458,0.574468085106383,0.1111111111111111,0.18620689655172415,0.764
cosine,37,100,10,adjusted,3.136573174158409,0.22841353768816097,0.7530864197530864,0.23461538461538461,0.3577712609970674,0.781
pearson,40,100,10,adjusted,3.1501504844165154,0.18503429709496932,0.6210526315789474,0.251063829787234,0.3575757575757576,0.788
pearson,15,100,10,adjusted,3.1827599906531665,0.18566308975264575,0.7407407407407407,0.30303030303030304,0.4301075268817205,0.788
cosine,62,100,10,adjusted,3.213236630646654,0.2201296368874446,0.8356164383561644,0.23552123552123552,0.3674698795180723,0.79
cosine,80,100,10,adjusted,3.2438758652514315,0.30976332482004726,0.8333333333333334,0.2559055118110236,0.3915662650602409,0.798
pearson,8,100,10,adjusted,3.192029699956238,0.2536608288999551,0.7194244604316546,0.3816793893129771,0.49875311720698257,0.799
pearson,3,100,10,nonadjusted,4.118072368427278,0.26006256865897626,0.4134078212290503,0.31759656652360513,0.3592233009708738,0.736
pearson,8,100,10,nonadjusted,3.5698565531783886,0.32210462845527166,0.5460992907801419,0.30196078431372547,0.38888888888888884,0.758
pearson,1,100,10,adjusted,4.416879790084049,0.2266677056457641,0.47342995169082125,0.39357429718875503,0.4298245614035088,0.74
cosine,94,100,10,adjusted,3.237238046056892,0.2256261666493828,0.7752808988764045,0.26848249027237353,0.3988439306358381,0.792
cosine,89,100,10,adjusted,3.17111204833341,0.27868165727282174,0.7721518987341772,0.23371647509578544,0.35882352941176465,0.782
cosine,76,100,10,adjusted,3.290158843599245,0.20868359782757714,0.8048780487804879,0.24535315985130113,0.3760683760683761,0.781
pearson,49,100,10,adjusted,3.21291382564284,0.27690539538586245,0.7704918032786885,0.34814814814814815,0.4795918367346939,0.796
cosine,23,100,10,adjusted,3.2393417829137556,0.2708408561447219,0.7524752475247525,0.2835820895522388,0.4119241192411924,0.783
pearson,54,100,10,adjusted,3.2340037826038044,0.3066390521821158,0.8151260504201681,0.3527272727272727,0.49238578680203043,0.8
cosine,64,100,10,nonadjusted,3.354117681562473,0.22330250709313348,0.5491803278688525,0.5173745173745173,0.532803180914513,0.765
pearson,62,100,10,nonadjusted,3.6266538033299662,0.16654084026541,0.6338028169014085,0.17045454545454544,0.26865671641791045,0.755
cosine,93,100,10,adjusted,3.2168182626147406,0.1471423862627413,0.7619047619047619,0.2570281124497992,0.3843843843843843,0.795
cosine,94,100,10,nonadjusted,3.4224667137303975,0.25116651806220586,0.568075117370892,0.4782608695652174,0.5193133047210301,0.776
pearson,92,100,10,nonadjusted,3.6859882916000095,0.2804211313315615,0.5555555555555556,0.14344262295081966,0.2280130293159609,0.763
cosine,17,100,10,nonadjusted,3.40395065251219,0.29231496826892933,0.5695652173913044,0.4962121212121212,0.5303643724696357,0.768
pearson,11,100,10,nonadjusted,3.6500711515533153,0.1600084881532384,0.47572815533980584,0.1814814814814815,0.26273458445040215,0.725
pearson,74,100,10,nonadjusted,3.8048322870697326,0.2988511696807964,0.55,0.1213235294117647,0.19879518072289154,0.734
cosine,72,100,10,nonadjusted,3.376416650282306,0.24149211876029822,0.5916666666666667,0.4982456140350877,0.540952380952381,0.759
pearson,84,100,10,nonadjusted,3.565173407433602,0.2054662420688186,0.5846153846153846,0.15447154471544716,0.24437299035369778,0.765
cosine,82,100,10,nonadjusted,3.3255926490673247,0.24822641374323248,0.5684647302904564,0.5591836734693878,0.5637860082304527,0.788
pearson,6,100,10,adjusted,3.44552465108305,0.2564596271354574,0.6299212598425197,0.31007751937984496,0.4155844155844156,0.775
cosine,39,100,10,adjusted,3.2697609798380753,0.12015912820303216,0.7613636363636364,0.24814814814814815,0.3743016759776536,0.776
cosine,48,100,10,nonadjusted,3.3246821862692726,0.2589451585455984,0.5092592592592593,0.47413793103448276,0.4910714285714286,0.772
pearson,53,100,10,adjusted,3.2073906208181873,0.1684725341983654,0.7090909090909091,0.308300395256917,0.4297520661157025,0.793
cosine,24,100,10,adjusted,3.123624694094314,0.1614607812623423,0.7875,0.250996015936255,0.3806646525679759,0.795
pearson,58,100,10,nonadjusted,3.473640492101482,0.22961231458223474,0.6231884057971014,0.15808823529411764,0.25219941348973607,0.745
cosine,71,100,10,adjusted,3.313636761833829,0.21021682871368916,0.8117647058823529,0.2593984962406015,0.3931623931623932,0.787
pearson,97,100,10,nonadjusted,3.591928443666869,0.20861286100807613,0.6981132075471698,0.15611814345991562,0.25517241379310346,0.784
cosine,91,100,10,nonadjusted,3.383110577684262,0.3574156036928701,0.5403225806451613,0.5296442687747036,0.5349301397205589,0.767
pearson,14,100,10,nonadjusted,3.6025662379206755,0.40583976091444135,0.5463917525773195,0.20075757575757575,0.2936288088642659,0.745
cosine,12,100,10,nonadjusted,3.3002767051642636,0.09376813276650273,0.5330739299610895,0.5092936802973977,0.5209125475285171,0.748
pearson,67,100,10,nonadjusted,3.573509588732256,0.09787033156561362,0.6296296296296297,0.136,0.2236842105263158,0.764
cosine,61,100,10,nonadjusted,3.2373154612254114,0.09228787888439935,0.6410256410256411,0.5338078291814946,0.5825242718446602,0.785
pearson,93,100,10,adjusted,3.2624498079026822,0.24287654960500762,0.7191011235955056,0.2711864406779661,0.3938461538461539,0.803
cosine,87,100,10,nonadjusted,3.3636011086530515,0.2773965857962843,0.5615384615384615,0.5468164794007491,0.5540796963946869,0.765
pearson,81,100,10,nonadjusted,3.671463662288555,0.2641416394277782,0.6,0.11538461538461539,0.1935483870967742,0.775
cosine,77,100,10,nonadjusted,3.3230436716952667,0.29193683612954224,0.49377593360995853,0.4541984732824427,0.47316103379721675,0.735
pearson,71,100,10,nonadjusted,3.7194146542008197,0.17603240010411372,0.6346153846153846,0.13692946058091288,0.22525597269624578,0.773
pearson,24,100,10,adjusted,3.2514744922396446,0.3056676344271283,0.7142857142857143,0.31496062992125984,0.4371584699453552,0.794
cosine,53,100,10,adjusted,3.3667469044388256,0.2801231220024141,0.8191489361702128,0.2873134328358209,0.4254143646408839,0.792
pearson,38,100,10,nonadjusted,3.785212642289489,0.2337624974231519,0.6507936507936508,0.15185185185185185,0.24624624624624625,0.749
pearson,39,100,10,adjusted,3.2379806030710796,0.2779514740843248,0.7475728155339806,0.29277566539923955,0.4207650273224044,0.788
cosine,28,100,10,nonadjusted,3.465258423435808,0.22462159127025555,0.5021834061135371,0.48523206751054854,0.4935622317596566,0.764
pearson,71,100,10,adjusted,3.228975200915504,0.29808702599870635,0.8426966292134831,0.26785714285714285,0.40650406504065034,0.781
cosine,8,100,10,nonadjusted,3.550840771490706,0.2060127636207564,0.4674329501915709,0.46564885496183206,0.4665391969407266,0.721
pearson,89,100,10,adjusted,3.2224739413700974,0.24518499852054385,0.7872340425531915,0.30327868852459017,0.43786982248520706,0.81
pearson,94,100,10,adjusted,3.1943101072619435,0.251529958296338,0.7314814814814815,0.29259259259259257,0.41798941798941797,0.78
pearson,76,100,10,adjusted,3.2876304922050275,0.287573387499043,0.7355371900826446,0.3296296296296296,0.4552429667519182,0.787
cosine,54,100,10,adjusted,3.233753519550246,0.24732701450549469,0.7441860465116279,0.2570281124497992,0.3820895522388059,0.793
pearson,23,100,10,adjusted,3.1512573686662457,0.24023681596805305,0.7647058823529411,0.312,0.4431818181818181,0.804
cosine,100,100,10,adjusted,3.2903437542462894,0.22899019269208334,0.7872340425531915,0.275092936802974,0.4077134986225895,0.785
cosine,49,100,10,adjusted,3.1875051948055555,0.3663176378606932,0.7586206896551724,0.24812030075187969,0.3739376770538243,0.779
cosine,40,100,10,adjusted,3.0299530322412713,0.27761523396132076,0.8285714285714286,0.32954545454545453,0.4715447154471545,0.805
pearson,37,100,10,adjusted,3.31105181205999,0.2699849556988621,0.7653061224489796,0.27472527472527475,0.40431266846361186,0.779
pearson,62,100,10,adjusted,3.181723283061228,0.20220750777930302,0.7669902912621359,0.2958801498127341,0.42702702702702705,0.788
cosine,15,100,10,adjusted,3.1796023446057426,0.19379308308113888,0.7802197802197802,0.284,0.41642228739002934,0.801
cosine,5,100,10,adjusted,3.4579627888250584,0.2587251084451183,0.6974789915966386,0.30514705882352944,0.4245524296675192,0.775
pearson,80,100,10,adjusted,3.2026483014214926,0.15906291814262596,0.7818181818181819,0.31970260223048325,0.4538258575197889,0.793
pearson,6,100,10,nonadjusted,3.6803955042534655,0.23269188441615005,0.539568345323741,0.2819548872180451,0.3703703703703704,0.745
cosine,12,100,10,adjusted,3.2192384724503507,0.24460533175702698,0.7647058823529411,0.2480916030534351,0.3746397694524496,0.783
pearson,25,100,10,nonadjusted,3.5883423082549526,0.22278453918098756,0.6811594202898551,0.17537313432835822,0.2789317507418398,0.757
pearson,65,100,10,adjusted,3.2487209867031135,0.18948710470918706,0.6893203883495146,0.26996197718631176,0.3879781420765027,0.776
cosine,23,100,10,nonadjusted,3.371697710061375,0.2569850450214149,0.61328125,0.5413793103448276,0.575091575091575,0.768
pearson,56,100,10,nonadjusted,3.7697419608606744,0.24163269642226784,0.5434782608695652,0.08896797153024912,0.1529051987767584,0.723
cosine,50,100,10,nonadjusted,3.1884396152188317,0.1978140605810115,0.5414847161572053,0.5367965367965368,0.5391304347826088,0.788
pearson,78,100,10,adjusted,3.143759786022755,0.2218184388491894,0.6875,0.2894736842105263,0.4074074074074074,0.776
cosine,3,100,10,nonadjusted,3.6494738058667493,0.4022238340074811,0.5110294117647058,0.5366795366795367,0.5235404896421845,0.747
cosine,35,100,10,nonadjusted,3.3932723812855583,0.1935783666454685,0.5789473684210527,0.5355805243445693,0.556420233463035,0.772
pearson,30,100,10,adjusted,3.1158885635736158,0.25939379971291393,0.7641509433962265,0.3176470588235294,0.44875346260387805,0.801
cosine,47,100,10,adjusted,3.219940956788914,0.26250190593261746,0.8045977011494253,0.25547445255474455,0.38781163434903054,0.779
pearson,33,100,10,nonadjusted,3.60937078444262,0.24619536928502256,0.573170731707317,0.17870722433460076,0.27246376811594203,0.749
cosine,46,100,10,nonadjusted,3.417778162810258,0.24519801925981669,0.5407725321888412,0.49606299212598426,0.5174537987679672,0.765
pearson,40,100,10,nonadjusted,3.4695175220207126,0.33835873920150544,0.6103896103896104,0.1709090909090909,0.26704545454545453,0.742
cosine,19,100,10,nonadjusted,3.5211428158241374,0.19976361446583946,0.5361702127659574,0.4883720930232558,0.511156186612576,0.759
cosine,2,100,10,adjusted,3.78691965523167,0.3396996095362478,0.4797297297297297,0.3034188034188034,0.3717277486910995,0.76
pearson,87,100,10,adjusted,3.189189050512318,0.2567245414886942,0.7843137254901961,0.31496062992125984,0.449438202247191,0.804
cosine,90,100,10,adjusted,3.3827835541271227,0.2799285766499628,0.7682926829268293,0.22826086956521738,0.3519553072625698,0.768
pearson,5,100,10,adjusted,3.383124315465591,0.2606752997261225,0.6850393700787402,0.3246268656716418,0.440506329113924,0.779
pearson,1,100,10,nonadjusted,4.983759999999999,0.36354866854384127,0.3412969283276451,0.4032258064516129,0.36968576709796674,0.659
cosine,27,100,10,adjusted,3.2605243918407316,0.13515496760176096,0.7272727272727273,0.25806451612903225,0.38095238095238093,0.792
pearson,50,100,10,adjusted,3.1359504690783586,0.2487122587885057,0.7428571428571429,0.2943396226415094,0.42162162162162165,0.786
cosine,72,100,10,adjusted,3.1531086060908136,0.12601029672207437,0.8666666666666667,0.2899628252788104,0.4345403899721448,0.797
pearson,18,100,10,adjusted,3.202487159033857,0.1411650595415743,0.7570093457943925,0.34177215189873417,0.4709302325581395,0.818
pearson,47,100,10,nonadjusted,3.5776099818277487,0.3065821881383741,0.47058823529411764,0.1350210970464135,0.20983606557377046,0.759
cosine,41,100,10,nonadjusted,3.557131553449044,0.26899949016826796,0.4897119341563786,0.44569288389513106,0.4666666666666666,0.728
pearson,2,100,10,adjusted,3.604484956412455,0.34430249274536834,0.5573770491803278,0.43037974683544306,0.48571428571428565,0.784
pearson,34,100,10,nonadjusted,3.8538490688192963,0.2937053445083928,0.5679012345679012,0.18110236220472442,0.2746268656716418,0.757
cosine,32,100,10,nonadjusted,3.4703470452563905,0.2276120606290973,0.5070422535211268,0.4462809917355372,0.4747252747252747,0.761
cosine,4,100,10,nonadjusted,3.605347146973467,0.1994714263087874,0.5111111111111111,0.552,0.5307692307692308,0.756
cosine,57,100,10,nonadjusted,3.3995515973716173,0.3324448462627722,0.542016806722689,0.50390625,0.5222672064777328,0.764
pearson,51,100,10,nonadjusted,3.5933034499344934,0.3427712448189615,0.6875,0.19927536231884058,0.3089887640449438,0.754
cosine,24,100,10,nonadjusted,3.2685412428224625,0.24710551180611126,0.4921259842519685,0.5102040816326531,0.5010020040080161,0.751
pearson,22,100,10,nonadjusted,3.6813220656389873,0.33216397185125557,0.6415094339622641,0.2537313432835821,0.36363636363636365,0.762
cosine,97,100,10,adjusted,3.2804218669122363,0.19270813119523492,0.8023255813953488,0.2816326530612245,0.4169184290030211,0.807
cosine,75,100,10,adjusted,3.208126818174842,0.2508348018723734,0.78125,0.26595744680851063,0.3968253968253968,0.772
pearson,18,100,10,nonadjusted,3.6006516625719605,0.16508127379020196,0.5306122448979592,0.20155038759689922,0.29213483146067415,0.748
cosine,68,100,10,adjusted,3.0882331179558102,0.18892106316201573,0.8367346938775511,0.2789115646258503,0.41836734693877553,0.772
pearson,57,100,10,adjusted,3.179013525351052,0.1906853694678268,0.7,0.28308823529411764,0.4031413612565445,0.772
cosine,20,100,10,adjusted,3.1605287765577734,0.21868961325998193,0.7222222222222222,0.25793650793650796,0.38011695906432746,0.788
pearson,76,100,10,nonadjusted,3.600355542498916,0.30097252318538487,0.6346153846153846,0.12595419847328243,0.21019108280254778,0.752
pearson,43,100,10,adjusted,3.140473391739988,0.1745935837717172,0.7875,0.26141078838174275,0.39252336448598135,0.805
cosine,34,100,10,adjusted,3.1810444990132147,0.226840383832795,0.7291666666666666,0.2892561983471074,0.4142011834319526,0.802
cosine,70,100,10,nonadjusted,3.231881987474105,0.2618467596744615,0.5772727272727273,0.5,0.5358649789029536,0.78
cosine,29,100,10,adjusted,3.247000544871798,0.21065433500559738,0.7710843373493976,0.24615384615384617,0.3731778425655977,0.785
pearson,86,100,10,nonadjusted,3.6143025253719023,0.15264609809196483,0.58,0.1111111111111111,0.18649517684887462,0.747
cosine,80,100,10,nonadjusted,3.244536117896699,0.23783532553041858,0.5836734693877551,0.562992125984252,0.5731462925851704,0.787
cosine,66,100,10,nonadjusted,3.3048647882175457,0.26524775022493113,0.5829787234042553,0.5591836734693878,0.5708333333333332,0.794
cosine,61,100,10,adjusted,3.1535124784163946,0.2693222635035702,0.7317073170731707,0.21660649819494585,0.3342618384401114,0.761
pearson,60,100,10,nonadjusted,3.515949572686112,0.292565639654055,0.5862068965517241,0.136,0.2207792207792208,0.76
pearson,16,100,10,adjusted,3.242780159715365,0.26122105463766665,0.76,0.2825278810408922,0.41192411924119243,0.783
cosine,15,100,10,nonadjusted,3.5158443135926944,0.3060359037843262,0.48031496062992124,0.49193548387096775,0.48605577689243024,0.742
pearson,13,100,10,nonadjusted,3.672928353889483,0.22157771073320484,0.5227272727272727,0.1885245901639344,0.27710843373493976,0.76
cosine,96,100,10,nonadjusted,3.508592205494486,0.27835295913701397,0.5446428571428571,0.46037735849056605,0.4989775051124744,0.755
pearson,90,100,10,nonadjusted,3.505553525520044,0.28957264648684644,0.5892857142857143,0.12313432835820895,0.20370370370370372,0.742
cosine,83,100,10,adjusted,3.2467250307020614,0.17130040771261826,0.8072289156626506,0.25769230769230766,0.39067055393586003,0.791
pearson,29,100,10,nonadjusted,3.6020744740910757,0.32830930687399285,0.45263157894736844,0.16412213740458015,0.2408963585434174,0.729
cosine,39,100,10,nonadjusted,3.4126454069533407,0.3256265538335117,0.5130434782608696,0.4978902953586498,0.5053533190578159,0.769
pearson,11,100,10,adjusted,3.2154115834195016,0.2682157316643926,0.8076923076923077,0.3633217993079585,0.5011933174224344,0.791
cosine,66,100,10,adjusted,3.1856342691405466,0.11981060975868249,0.7446808510638298,0.26119402985074625,0.3867403314917127,0.778
cosine,33,100,10,adjusted,3.345403189067304,0.19201421403244062,0.7721518987341772,0.22676579925650558,0.3505747126436782,0.774
pearson,44,100,10,adjusted,3.0585065764239854,0.26979773631657544,0.7314814814814815,0.32510288065843623,0.45014245014245013,0.807
pearson,59,100,10,adjusted,3.2166481498884876,0.2501583627619033,0.7128712871287128,0.301255230125523,0.4235294117647058,0.804
cosine,99,100,10,adjusted,3.2377055535095387,0.2472902861640605,0.8202247191011236,0.2644927536231884,0.4,0.781
cosine,84,100,10,adjusted,3.1642425421736564,0.2891474443195436,0.7976190476190477,0.250936329588015,0.3817663817663818,0.783
pearson,100,100,10,adjusted,3.1763671889081615,0.28323010013198785,0.6981132075471698,0.30833333333333335,0.42774566473988446,0.802
cosine,92,100,10,adjusted,3.2219360358056774,0.2535057397010634,0.7976190476190477,0.2427536231884058,0.37222222222222223,0.774
pearson,19,100,10,nonadjusted,3.711665008991903,0.20411337173364769,0.6588235294117647,0.21875,0.3284457478005865,0.771
pearson,7,100,10,adjusted,3.4849993185563752,0.32227452289201325,0.7131147540983607,0.31521739130434784,0.4371859296482412,0.776
cosine,25,100,10,adjusted,3.276477978631916,0.18643518514108467,0.8021978021978022,0.3054393305439331,0.4424242424242424,0.816
pearson,52,100,10,adjusted,3.175075308843967,0.2728626308051314,0.8,0.31496062992125984,0.45197740112994345,0.806
pearson,46,100,10,nonadjusted,3.5929848419270365,0.35535385749217385,0.6119402985074627,0.13993174061433447,0.22777777777777777,0.722
cosine,40,100,10,nonadjusted,3.364958808442007,0.3445640848229651,0.5541666666666667,0.5384615384615384,0.5462012320328542,0.779
pearson,35,100,10,nonadjusted,3.7480130302828214,0.19034535600823854,0.578125,0.13653136531365315,0.2208955223880597,0.739
cosine,33,100,10,nonadjusted,3.531789057429516,0.24794154473870228,0.5,0.46558704453441296,0.4821802935010482,0.753
cosine,38,100,10,adjusted,3.049251846155492,0.1989150954231711,0.84,0.245136186770428,0.3795180722891566,0.794
cosine,70,100,10,adjusted,3.136431101265323,0.178391728302078,0.7926829268292683,0.25793650793650796,0.3892215568862276,0.796
cosine,5,100,10,nonadjusted,3.5052693434277904,0.2482529247166321,0.5447761194029851,0.5367647058823529,0.5407407407407407,0.752
cosine,56,100,10,nonadjusted,3.2130096483906465,0.14433952817058127,0.531496062992126,0.5421686746987951,0.536779324055666,0.767
pearson,50,100,10,nonadjusted,3.5926597453764897,0.2712074199719936,0.5606060606060606,0.15546218487394958,0.24342105263157893,0.77
cosine,25,100,10,nonadjusted,3.3654242371656267,0.21587353833663847,0.556420233463035,0.539622641509434,0.5478927203065135,0.764
pearson,23,100,10,nonadjusted,3.711958636556838,0.16932662805925702,0.5727272727272728,0.23507462686567165,0.33333333333333337,0.748
cosine,88,100,10,adjusted,3.279228122863701,0.3219444998751268,0.8076923076923077,0.24045801526717558,0.37058823529411766,0.786
cosine,95,100,10,adjusted,3.2775769324744326,0.20236103298642047,0.8082191780821918,0.24380165289256198,0.37460317460317455,0.803
cosine,77,100,10,adjusted,3.1253904821012943,0.18438878354353677,0.8351648351648352,0.2889733840304182,0.4293785310734463,0.798
pearson,55,100,10,adjusted,3.132961105050053,0.21743187730707314,0.7545454545454545,0.3143939393939394,0.4438502673796792,0.792
cosine,22,100,10,adjusted,3.0763486845533903,0.1717095832401148,0.7169811320754716,0.30522088353413657,0.428169014084507,0.797
pearson,48,100,10,adjusted,3.0328314963343166,0.29567026642193306,0.7383177570093458,0.32510288065843623,0.45142857142857146,0.808
pearson,41,100,10,adjusted,3.1454129728729434,0.22570594759282753,0.780952380952381,0.29285714285714287,0.425974025974026,0.779
cosine,36,100,10,adjusted,3.1207571143971364,0.20149793928937637,0.810126582278481,0.2490272373540856,0.380952380952381,0.792
cosine,63,100,10,adjusted,3.108017824202112,0.37562429326415586,0.7717391304347826,0.27099236641221375,0.4011299435028249,0.788
pearson,14,100,10,adjusted,3.3371015964961863,0.20559297774190569,0.7565217391304347,0.3283018867924528,0.4578947368421052,0.794
cosine,81,100,10,adjusted,3.0693842860363607,0.27204279051673036,0.8214285714285714,0.27710843373493976,0.4144144144144144,0.805
pearson,9,100,10,adjusted,3.1800825299026605,0.19674183106337204,0.7424242424242424,0.35251798561151076,0.4780487804878048,0.786
pearson,13,100,10,adjusted,3.373891806607843,0.25039803181297016,0.7040816326530612,0.26640926640926643,0.3865546218487395,0.781
cosine,64,100,10,adjusted,3.2758612172385897,0.2739925151603937,0.7916666666666666,0.2846441947565543,0.418732782369146,0.789
cosine,79,100,10,adjusted,3.119082216075759,0.28295015821397385,0.7010309278350515,0.27309236947791166,0.39306358381502887,0.79
pearson,28,100,10,nonadjusted,3.6726108620798725,0.17594722031285923,0.6122448979591837,0.24,0.3448275862068965,0.772
cosine,31,100,10,adjusted,3.3311527082879318,0.2747806019904852,0.7272727272727273,0.2379182156133829,0.3585434173669467,0.771
pearson,46,100,10,adjusted,3.1240741962750005,0.20267675179796132,0.7169811320754716,0.27636363636363637,0.3989501312335958,0.771
cosine,38,100,10,nonadjusted,3.4429024172732516,0.31019950834165005,0.45739910313901344,0.4473684210526316,0.4523281596452328,0.753
pearson,77,100,10,nonadjusted,3.7029085759203277,0.1683259258611673,0.6621621621621622,0.196,0.30246913580246915,0.774
cosine,71,100,10,nonadjusted,3.426119256716878,0.19964053795030848,0.5060728744939271,0.5252100840336135,0.5154639175257733,0.765
pearson,87,100,10,nonadjusted,3.592956097081559,0.19429212021340997,0.7058823529411765,0.18250950570342206,0.2900302114803625,0.765
cosine,81,100,10,nonadjusted,3.395291697163409,0.36848985588644706,0.5733333333333334,0.5222672064777328,0.5466101694915255,0.786
cosine,67,100,10,nonadjusted,3.4132091437539627,0.20322238674407964,0.5635593220338984,0.5236220472440944,0.5428571428571428,0.776
pearson,61,100,10,nonadjusted,3.7208931874086253,0.2487190513641823,0.5862068965517241,0.125,0.20606060606060606,0.738
cosine,14,100,10,nonadjusted,3.6081818799236487,0.2529945244956772,0.5061224489795918,0.4940239043824701,0.5,0.752
cosine,86,100,10,adjusted,3.0859423972500277,0.16223798706800327,0.7469879518072289,0.26495726495726496,0.3911671924290221,0.807
pearson,12,100,10,nonadjusted,3.77011756135765,0.15702512054686235,0.4576271186440678,0.24545454545454545,0.31952662721893493,0.77
cosine,97,100,10,nonadjusted,3.373883350023216,0.20563406500497178,0.5450819672131147,0.5095785440613027,0.5267326732673268,0.761
pearson,91,100,10,nonadjusted,3.6220447788331875,0.30603547480472126,0.47692307692307695,0.12350597609561753,0.19620253164556964,0.746
pearson,91,100,10,adjusted,3.0248726451995647,0.2351612438164673,0.7966101694915254,0.3443223443223443,0.4808184143222507,0.797
cosine,9,100,10,adjusted,3.3406110015329835,0.3630586446317248,0.75,0.2518248175182482,0.3770491803278688,0.772
pearson,26,100,10,adjusted,3.3005127406189914,0.17175385468936136,0.717391304347826,0.25882352941176473,0.3804034582132565,0.785
cosine,51,100,10,adjusted,3.1875819782118713,0.18544791359029408,0.8481012658227848,0.24907063197026022,0.38505747126436785,0.786
pearson,73,100,10,adjusted,3.198725771070463,0.30652112426410055,0.7395833333333334,0.26996197718631176,0.39554317548746515,0.783
cosine,19,100,10,adjusted,3.218764932302139,0.14997471505102192,0.7831325301204819,0.25096525096525096,0.3801169590643275,0.788
pearson,39,100,10,nonadjusted,3.674499097695469,0.2852369133207686,0.6119402985074627,0.17672413793103448,0.27424749163879597,0.783
cosine,29,100,10,nonadjusted,3.3927127517211213,0.2185068002191953,0.5582329317269076,0.54296875,0.5504950495049504,0.773
cosine,9,100,10,nonadjusted,3.478618895756456,0.3058851129043888,0.531496062992126,0.5252918287937743,0.5283757338551859,0.759
pearson,96,100,10,adjusted,3.0703088353112764,0.376393033763626,0.7678571428571429,0.33992094861660077,0.47123287671232883,0.807
pearson,96,100,10,nonadjusted,3.5533903700096503,0.2582411356935191,0.640625,0.1443661971830986,0.23563218390804597,0.734
pearson,74,100,10,adjusted,3.129974788726973,0.2260383908941504,0.8076923076923077,0.34146341463414637,0.48,0.818
cosine,90,100,10,nonadjusted,3.4549891367079697,0.2537335565583643,0.49099099099099097,0.4448979591836735,0.4668094218415417,0.751
pearson,15,100,10,nonadjusted,3.781505287884966,0.29868443272409007,0.5196078431372549,0.2245762711864407,0.31360946745562135,0.768
cosine,13,100,10,nonadjusted,3.4197618015091322,0.2780179543669106,0.5531914893617021,0.4744525547445255,0.5108055009823183,0.751
pearson,66,100,10,nonadjusted,3.619153160562506,0.30579457719313746,0.5857142857142857,0.155893536121673,0.24624624624624625,0.749
cosine,60,100,10,nonadjusted,3.3494891557343456,0.36195437638995476,0.6159695817490495,0.5827338129496403,0.5988909426987061,0.783
pearson,69,100,10,adjusted,3.1406227763595145,0.2564076724293274,0.723404255319149,0.265625,0.38857142857142857,0.786
cosine,86,100,10,nonadjusted,3.416394654502797,0.2749023760344057,0.5638297872340425,0.4669603524229075,0.5108433734939759,0.797
pearson,80,100,10,nonadjusted,3.666869144751044,0.22420604012805934,0.6086956521739131,0.1728395061728395,0.2692307692307692,0.772
cosine,56,100,10,adjusted,3.1582706750613627,0.15321894020984245,0.8554216867469879,0.2784313725490196,0.4201183431952663,0.804
pearson,21,100,10,adjusted,3.271098501445114,0.29817343514128936,0.7227722772277227,0.26545454545454544,0.38829787234042556,0.77
cosine,76,100,10,nonadjusted,3.5239948685028515,0.2559917386023406,0.5411255411255411,0.4789272030651341,0.5081300813008129,0.758
pearson,70,100,10,nonadjusted,3.583544584055693,0.27280696893221174,0.5636363636363636,0.11654135338345864,0.19314641744548286,0.741
cosine,42,100,10,adjusted,3.2614466403385665,0.16556607521494296,0.8472222222222222,0.22676579925650558,0.35777126099706746,0.781
pearson,35,100,10,adjusted,3.1248307626267082,0.16518220391201782,0.7523809523809524,0.30859375,0.4376731301939058,0.797
pearson,28,100,10,adjusted,3.2240262306121443,0.1920011062265152,0.7610619469026548,0.315018315018315,0.44559585492227977,0.786
cosine,18,100,10,nonadjusted,3.374020583234686,0.24349041196750643,0.5245901639344263,0.5,0.512,0.756
pearson,60,100,10,adjusted,3.211121613950857,0.23797460411740173,0.8421052631578947,0.3344947735191638,0.47880299251870334,0.791
cosine,17,100,10,adjusted,3.2385895381514245,0.31577243514190423,0.8,0.26459143968871596,0.3976608187134503,0.794
cosine,7,100,10,adjusted,3.298887236284743,0.2582776464856598,0.75,0.302158273381295,0.43076923076923085,0.778
pearson,24,100,10,nonadjusted,3.665749077777094,0.3088914688151173,0.5531914893617021,0.19047619047619047,0.2833787465940054,0.737
cosine,22,100,10,nonadjusted,3.3660295643368214,0.22571250201026327,0.5313807531380753,0.5019762845849802,0.5162601626016261,0.762
pearson,82,100,10,adjusted,3.2295253654853697,0.19080470396810426,0.8202247191011236,0.28076923076923077,0.41833810888252154,0.797
pearson,57,100,10,nonadjusted,3.5993639874287893,0.2628370420214055,0.5352112676056338,0.15019762845849802,0.2345679012345679,0.752
cosine,51,100,10,nonadjusted,3.446618897988602,0.21753007808791266,0.5481171548117155,0.5019157088122606,0.524,0.762
cosine,2,100,10,nonadjusted,3.834663682299593,0.31535241689617344,0.47297297297297297,0.5363984674329502,0.502692998204668,0.723
cosine,34,100,10,nonadjusted,3.4125576363263592,0.25609968490032814,0.5277777777777778,0.5236220472440944,0.5256916996047432,0.76
pearson,32,100,10,nonadjusted,3.6742480823000703,0.19318912988367443,0.525,0.17073170731707318,0.25766871165644173,0.758
cosine,47,100,10,nonadjusted,3.4252920604436596,0.26876013039523433,0.5670995670995671,0.5368852459016393,0.5515789473684211,0.787
pearson,41,100,10,nonadjusted,3.7075685848838362,0.27927115569073885,0.5909090909090909,0.1407942238267148,0.2274052478134111,0.735
cosine,10,100,10,adjusted,3.3283903891815116,0.19733290017660285,0.6464646464646465,0.24427480916030533,0.35457063711911363,0.767
pearson,67,100,10,adjusted,3.243486993380831,0.1866204121914081,0.845360824742268,0.30036630036630035,0.44324324324324327,0.794
pearson,32,100,10,adjusted,3.0746099078567624,0.22970753599695995,0.7107438016528925,0.35537190082644626,0.47382920110192833,0.809
cosine,45,100,10,adjusted,3.3895707245644333,0.30351998784366974,0.7887323943661971,0.2028985507246377,0.3227665706051873,0.765
cosine,58,100,10,adjusted,3.317167207449838,0.28725228885620685,0.8441558441558441,0.2480916030534351,0.3834808259587021,0.791
cosine,100,100,10,nonadjusted,3.311034783813997,0.37365775315939553,0.5057471264367817,0.5301204819277109,0.5176470588235293,0.754
pearson,7,100,10,nonadjusted,3.906105052257943,0.2205248401859272,0.4881889763779528,0.23574144486692014,0.31794871794871793,0.734
pearson,98,100,10,adjusted,3.0668734140252836,0.1734633073834131,0.8125,0.2943396226415094,0.4321329639889197,0.795
pearson,85,100,10,adjusted,3.083707408332814,0.18799891466165644,0.6881720430107527,0.256,0.37317784256559766,0.785
cosine,67,100,10,adjusted,3.191611638576371,0.15518107371385467,0.7948717948717948,0.23846153846153847,0.36686390532544383,0.786
pearson,10,100,10,adjusted,3.336025917908556,0.221888794809377,0.7155963302752294,0.30708661417322836,0.4297520661157025,0.793
pearson,2,100,10,nonadjusted,4.097346417225053,0.34049419172924317,0.40772532188841204,0.38,0.39337474120082816,0.707
pearson,58,100,10,adjusted,3.0517267516087747,0.3111325851444657,0.7142857142857143,0.3048780487804878,0.42735042735042733,0.799
pearson,45,100,10,adjusted,3.1121687545339793,0.20676883345453378,0.7226890756302521,0.3115942028985507,0.43544303797468353,0.777
cosine,32,100,10,adjusted,3.2233636991259282,0.2677311467456656,0.8484848484848485,0.3010752688172043,0.4444444444444444,0.79
cosine,85,100,10,adjusted,3.330701861572615,0.23477380138190743,0.7464788732394366,0.20075757575757575,0.31641791044776113,0.771
cosine,98,100,10,adjusted,3.1674252504962093,0.1704719893457494,0.7415730337078652,0.264,0.3893805309734513,0.793
cosine,28,100,10,adjusted,3.161748314200798,0.4465674731989925,0.7469879518072289,0.2551440329218107,0.3803680981595092,0.798
cosine,78,100,10,nonadjusted,3.467287014384211,0.30226510027414927,0.5213675213675214,0.46037735849056605,0.4889779559118237,0.745
cosine,35,100,10,adjusted,3.1947590275297615,0.2951557639708015,0.7654320987654321,0.256198347107438,0.38390092879256965,0.801
pearson,42,100,10,adjusted,3.163367949451013,0.2529294446798329,0.6703296703296703,0.24796747967479674,0.3620178041543027,0.785
cosine,88,100,10,nonadjusted,3.3135565942598624,0.16621336052677493,0.5148936170212766,0.484,0.49896907216494846,0.757
pearson,68,100,10,nonadjusted,3.56373654216384,0.21096295893485387,0.6285714285714286,0.1746031746031746,0.27329192546583847,0.766
pearson,98,100,10,nonadjusted,3.722276279340457,0.209327066159899,0.5909090909090909,0.10441767068273092,0.17747440273037543,0.759
pearson,17,100,10,adjusted,3.1462365665522944,0.26426826750410104,0.7830188679245284,0.3132075471698113,0.44743935309973043,0.795
cosine,60,100,10,adjusted,3.287498379327348,0.3585695485701251,0.8354430379746836,0.24812030075187969,0.38260869565217387,0.787
cosine,54,100,10,nonadjusted,3.438818853355148,0.4614268779966999,0.5864978902953587,0.5225563909774437,0.5526838966202784,0.775
pearson,52,100,10,nonadjusted,3.6113855826268932,0.22003129079696176,0.5,0.14644351464435146,0.22653721682847897,0.761
cosine,82,100,10,adjusted,3.188178456332712,0.15490903156273123,0.7804878048780488,0.23529411764705882,0.3615819209039548,0.774
cosine,7,100,10,nonadjusted,3.4247400351452457,0.36100586383580835,0.528,0.5409836065573771,0.5344129554655871,0.77
cosine,27,100,10,nonadjusted,3.3589435244337826,0.16490614655648053,0.5892857142857143,0.49070631970260226,0.5354969574036512,0.771
pearson,21,100,10,nonadjusted,3.544789845334132,0.3307454710306287,0.7159090909090909,0.23863636363636365,0.35795454545454547,0.774
pearson,44,100,10,nonadjusted,3.548829375576954,0.32557374295940333,0.5697674418604651,0.19066147859922178,0.2857142857142857,0.755
cosine,42,100,10,nonadjusted,3.438670337153166,0.27513905786412846,0.5550847457627118,0.5077519379844961,0.5303643724696355,0.768
pearson,37,100,10,nonadjusted,3.576778782764631,0.3153972532611435,0.6506024096385542,0.20689655172413793,0.313953488372093,0.764
cosine,31,100,10,nonadjusted,3.411529373648586,0.17760776147068283,0.5271966527196653,0.5080645161290323,0.5174537987679673,0.765
cosine,49,100,10,nonadjusted,3.4373756785092633,0.25524670644753705,0.515748031496063,0.5019157088122606,0.5087378640776699,0.747
pearson,3,100,10,adjusted,3.499191678905343,0.18714259058712568,0.5766423357664233,0.33905579399141633,0.427027027027027,0.788
cosine,96,100,10,adjusted,3.232750408478142,0.22884748968960794,0.8026315789473685,0.25630252100840334,0.38853503184713367,0.808
pearson,59,100,10,nonadjusted,3.610154246917072,0.16909415304027808,0.5757575757575758,0.14022140221402213,0.22551928783382788,0.739
cosine,65,100,10,nonadjusted,3.3469353281911074,0.26727161492505375,0.5857740585774058,0.4861111111111111,0.5313092979127134,0.753
pearson,63,100,10,nonadjusted,3.6697980734185682,0.20190660912022595,0.6290322580645161,0.15,0.24223602484472045,0.756
cosine,69,100,10,adjusted,3.198390090440321,0.19674919873984326,0.6842105263157895,0.2047244094488189,0.3151515151515151,0.774
cosine,95,100,10,nonadjusted,3.308860490174394,0.17276519111172625,0.562015503875969,0.5598455598455598,0.5609284332688588,0.773
cosine,74,100,10,adjusted,3.09025361911822,0.23382570346055223,0.7831325301204819,0.2529182879377432,0.38235294117647056,0.79
pearson,93,100,10,nonadjusted,3.6547009980113274,0.1954207157254133,0.6271186440677966,0.15879828326180256,0.2534246575342466,0.782
cosine,16,100,10,nonadjusted,3.449253254451178,0.21398822630964814,0.5369649805447471,0.5411764705882353,0.5390625,0.764
pearson,10,100,10,nonadjusted,3.8405293436146217,0.2312286986998537,0.5263157894736842,0.23076923076923078,0.32085561497326204,0.746
pearson,75,100,10,nonadjusted,3.632293281571262,0.2721884926898863,0.6666666666666666,0.15441176470588236,0.2507462686567164,0.749
cosine,73,100,10,nonadjusted,3.3326534861296517,0.32264765503096227,0.5758928571428571,0.5222672064777328,0.5477707006369427,0.787
cosine,21,100,10,adjusted,3.1109684412414182,0.24800594704972487,0.75,0.319672131147541,0.4482758620689655,0.808
pearson,85,100,10,nonadjusted,3.686835361945326,0.2564353421358643,0.5964912280701754,0.12099644128113879,0.20118343195266272,0.73
pearson,56,100,10,adjusted,3.1568705854090844,0.1661533060176171,0.7181818181818181,0.32916666666666666,0.4514285714285714,0.808
cosine,83,100,10,nonadjusted,3.4500005018798108,0.30080643546978086,0.5420560747663551,0.44787644787644787,0.49048625792811834,0.759
pearson,100,100,10,nonadjusted,3.4572062060452886,0.2361953020849621,0.8103448275862069,0.1709090909090909,0.2822822822822823,0.761
cosine,91,100,10,adjusted,3.1076576840507633,0.21412271507341119,0.7865168539325843,0.30042918454935624,0.4347826086956522,0.818
pearson,4,100,10,adjusted,3.424544023697041,0.13400175644135706,0.5648854961832062,0.29133858267716534,0.38441558441558443,0.763
pearson,9,100,10,nonadjusted,3.7640351769396974,0.36737753906000964,0.5390625,0.28870292887029286,0.37602179836512256,0.771
pearson,51,100,10,adjusted,3.079539957101705,0.30990692935604425,0.7787610619469026,0.3295880149812734,0.46315789473684205,0.796
cosine,26,100,10,adjusted,3.1408486440033507,0.1731286055528273,0.7553191489361702,0.2679245283018868,0.3955431754874652,0.783
pearson,19,100,10,adjusted,3.2276502727781695,0.1190701524313487,0.7589285714285714,0.3413654618473896,0.4709141274238227,0.809
cosine,73,100,10,adjusted,3.156834738979719,0.14439745663721681,0.7333333333333333,0.22267206477732793,0.3416149068322981,0.788
pearson,79,100,10,adjusted,3.1096384630672764,0.20533845818699797,0.7545454545454545,0.32421875,0.45355191256830607,0.8
cosine,58,100,10,nonadjusted,3.3750481177403167,0.26889100875863625,0.5271966527196653,0.490272373540856,0.5080645161290323,0.756
pearson,64,100,10,adjusted,3.253773369275168,0.28389352714430766,0.7876106194690266,0.33969465648854963,0.4746666666666667,0.803
cosine,13,100,10,adjusted,3.2433069423351015,0.2784330911770627,0.7938144329896907,0.3142857142857143,0.45029239766081863,0.812
pearson,48,100,10,nonadjusted,3.7248946981706865,0.27609271844770206,0.6461538461538462,0.15613382899628253,0.251497005988024,0.75
cosine,46,100,10,adjusted,3.307561576849218,0.2621562077889309,0.7804878048780488,0.23272727272727273,0.3585434173669468,0.771
pearson,31,100,10,adjusted,3.168399348326845,0.18021808252076227,0.7327586206896551,0.3046594982078853,0.430379746835443,0.775
cosine,84,100,10,nonadjusted,3.5084680154719323,0.24637411360621725,0.4979919678714859,0.5061224489795918,0.5020242914979757,0.754
pearson,82,100,10,nonadjusted,3.685133627608014,0.29805125349097056,0.5964912280701754,0.13333333333333333,0.21794871794871795,0.756
cosine,74,100,10,nonadjusted,3.4169324001226977,0.2701485698144284,0.5603112840466926,0.5106382978723404,0.5343228200371057,0.749
pearson,72,100,10,nonadjusted,3.6477711979773644,0.2535519129972364,0.6229508196721312,0.14615384615384616,0.2367601246105919,0.755
pearson,86,100,10,adjusted,3.237499087459419,0.2328346398634319,0.7452830188679245,0.30268199233716475,0.43051771117166204,0.791
pearson,17,100,10,nonadjusted,3.735467036259012,0.23696763073920868,0.5148514851485149,0.20233463035019456,0.2905027932960894,0.746
cosine,11,100,10,nonadjusted,3.4103067421504347,0.24747263323514712,0.5587044534412956,0.5287356321839081,0.5433070866141732,0.768
pearson,94,100,10,nonadjusted,3.664656922284577,0.34202156176479387,0.5208333333333334,0.10330578512396695,0.1724137931034483,0.76
cosine,92,100,10,nonadjusted,3.312924728348823,0.33972559599614566,0.545045045045045,0.491869918699187,0.5170940170940171,0.774
cosine,3,100,10,adjusted,3.3367507178301508,0.22000565500677696,0.6846153846153846,0.3212996389891697,0.4373464373464374,0.771
pearson,64,100,10,nonadjusted,3.7316931953214976,0.2743208548957769,0.5352112676056338,0.1391941391941392,0.22093023255813957,0.732
cosine,62,100,10,nonadjusted,3.385362730924946,0.28935634113319164,0.5701754385964912,0.5058365758754864,0.5360824742268041,0.775
pearson,36,100,10,adjusted,3.199109965475693,0.20595736775011053,0.7850467289719626,0.33070866141732286,0.46537396121883656,0.807
cosine,41,100,10,adjusted,3.243719451924045,0.290016778913304,0.7432432432432432,0.2140077821011673,0.33232628398791536,0.779
cosine,14,100,10,adjusted,3.3276384810914683,0.30818898119315585,0.7870370370370371,0.3159851301115242,0.4509283819628647,0.793
pearson,63,100,10,adjusted,3.1196189749730676,0.11127121687099686,0.7647058823529411,0.2815884476534296,0.41160949868073876,0.777
pearson,81,100,10,adjusted,3.16507155174497,0.3108319122968709,0.7068965517241379,0.30597014925373134,0.42708333333333326,0.78
cosine,4,100,10,adjusted,3.3404742316321387,0.1936239152782017,0.6495726495726496,0.2846441947565543,0.39583333333333337,0.768
pearson,5,100,10,nonadjusted,3.993691394838783,0.2260781695758698,0.48299319727891155,0.26296296296296295,0.3405275779376499,0.725
pearson,95,100,10,adjusted,3.093322805748471,0.2779100652403972,0.6888888888888889,0.2616033755274262,0.37920489296636084,0.797
pearson,88,100,10,adjusted,3.124937421774683,0.26493349259945803,0.7213114754098361,0.3464566929133858,0.46808510638297873,0.8
pearson,77,100,10,adjusted,3.2503397250767407,0.18448905981722624,0.794392523364486,0.31716417910447764,0.4533333333333333,0.795
cosine,48,100,10,adjusted,3.250690900095703,0.1664159749576918,0.7974683544303798,0.24609375,0.3761194029850746,0.791
pearson,22,100,10,adjusted,3.24387686642618,0.2572095980223008,0.7222222222222222,0.2815884476534296,0.40519480519480516,0.771
cosine,55,100,10,adjusted,3.3276149834341284,0.328735669450865,0.7831325301204819,0.2559055118110236,0.3857566765578635,0.793
cosine,99,100,10,nonadjusted,3.340489030129105,0.1992406324695754,0.5738396624472574,0.5151515151515151,0.5429141716566865,0.771
pearson,92,100,10,adjusted,3.120277008319321,0.22058323321063297,0.7340425531914894,0.2839506172839506,0.40949554896142437,0.801
cosine,69,100,10,nonadjusted,3.50038278594731,0.1935176581587183,0.5482625482625483,0.5338345864661654,0.540952380952381,0.759
pearson,89,100,10,nonadjusted,3.6425694022495927,0.24583227957750156,0.5932203389830508,0.12544802867383512,0.20710059171597633,0.732
pearson,79,100,10,nonadjusted,3.629609860339471,0.20097042129877463,0.5882352941176471,0.15873015873015872,0.25,0.76
cosine,36,100,10,nonadjusted,3.550441183437467,0.08311308654819523,0.5530973451327433,0.4681647940074906,0.5070993914807302,0.757
pearson,30,100,10,nonadjusted,3.760407576189138,0.23061801470206325,0.6931818181818182,0.22676579925650558,0.34173669467787116,0.765
pearson,38,100,10,adjusted,3.071988804543042,0.15301245508726485,0.7641509433962265,0.30566037735849055,0.4366576819407008,0.791
cosine,52,100,10,adjusted,3.1882268538915133,0.2974730181669669,0.7608695652173914,0.25547445255474455,0.38251366120218583,0.774
pearson,25,100,10,adjusted,3.1263021908367343,0.21970932048664496,0.7475728155339806,0.30078125,0.4289693593314763,0.795
cosine,45,100,10,nonadjusted,3.3963528006161328,0.35394838455119626,0.5823754789272031,0.5428571428571428,0.5619223659889095,0.763
pearson,43,100,10,nonadjusted,3.638249765481343,0.15907386911890029,0.55,0.16793893129770993,0.2573099415204678,0.746
pearson,26,100,10,nonadjusted,3.7274006625019447,0.36345211911552866,0.6,0.19672131147540983,0.2962962962962963,0.772
cosine,20,100,10,nonadjusted,3.3830065037048187,0.2789735313629244,0.5683760683760684,0.5495867768595041,0.5588235294117646,0.79
pearson,70,100,10,adjusted,3.160580143221458,0.20335311645391654,0.8090909090909091,0.3248175182481752,0.46354166666666663,0.794
pearson,55,100,10,nonadjusted,3.5015340422454515,0.2039186616082262,0.6,0.11811023622047244,0.19736842105263158,0.756
cosine,53,100,10,nonadjusted,3.2700874409955603,0.2833779775225427,0.5512820512820513,0.5560344827586207,0.5536480686695279,0.792
